{
    "train_MAE": 1.888098739277869,
    "test_MAE": 2.677000656170069,
    "train_RMSE": 2.9930163391228133,
    "test_RMSE": 4.215397309163807,
    "train_R2": 0.8818757839966708,
    "test_R2": 0.7608135760386048
}