{
    "train_MAE": 1.589087724685669,
    "test_MAE": 2.9615466594696045,
    "train_RMSE": 2.531636809004945,
    "test_RMSE": 4.733197056236825,
    "train_R2": 0.9238331913948059,
    "test_R2": 0.6906450986862183
}